recording_id,driver,driving_style,vehicle,phone_model,country,region,tyre_pressure_code,has_v_data,has_s_data,is_paired,is_synchronized,v_file_path,s_file_path,v_rows,s_rows,v_cols,s_cols,duration_seconds,duration_minutes,start_lat,start_lon,end_lat,end_lon,min_lat,max_lat,min_lon,max_lon,distance_km_approx,max_speed_kmh,v_gps_dropouts_count,s_sensor_names,split
A1,Driver H,Defensive,Volvo XC70,Blackberry Priv,United Kingdom,Coventry / Warwickshire,Unknown,False,True,False,False,,Unsynchronised V and S Dataset\Uncategorised IOVNB (V and S) Dataset\S-Dataset\S-A1.csv,,5942.0,,24.0,2970.61,49.51,52.43163,-1.525745,51.94857,-1.202399,51.94857,52.43163,-1.612928,-1.202399,67.9,33.4,,accel+gyro+gravity+mag+orientation,train
A10,Driver H,Defensive,Volvo XC70,Blackberry Priv,United Kingdom,Coventry / Warwickshire,Unknown,False,True,False,False,,Unsynchronised V and S Dataset\Uncategorised IOVNB (V and S) Dataset\S-Dataset\S-A10.csv,,8886.0,,24.0,4442.5,74.04,52.422844,-1.52182,52.4546,-1.906197,52.42028,52.49792,-1.90678,-1.521726,51.15,97.3,,accel+gyro+gravity+mag+orientation,train
A11,Driver H,Defensive,Volvo XC70,Blackberry Priv,United Kingdom,Coventry / Warwickshire,Unknown,False,True,False,False,,Unsynchronised V and S Dataset\Uncategorised IOVNB (V and S) Dataset\S-Dataset\S-A11.csv,,5155.0,,24.0,2577.0,42.95,52.43164,-1.525722,52.15693,-1.884484,52.1567,52.431664,-1.884556,-1.491086,49.8,31.9,,accel+gyro+gravity+mag+orientation,train
A12,Driver H,Defensive,Volvo XC70,Blackberry Priv,United Kingdom,Coventry / Warwickshire,Unknown,False,True,False,False,,Unsynchronised V and S Dataset\Uncategorised IOVNB (V and S) Dataset\S-Dataset\S-A12.csv,,4673.0,,24.0,2336.0,38.93,52.15681,-1.884516,51.819008,-2.223043,51.819008,52.15681,-2.224006,-1.884516,50.41,34.3,,accel+gyro+gravity+mag+orientation,test
A13,Driver H,Defensive,Volvo XC70,Blackberry Priv,United Kingdom,Coventry / Warwickshire,Unknown,False,True,False,False,,Unsynchronised V and S Dataset\Uncategorised IOVNB (V and S) Dataset\S-Dataset\S-A13.csv,,9184.0,,24.0,4591.5,76.53,50.913532,-3.478752,50.871544,-4.43535,50.87106,51.71715,-4.48497,-2.303545,324.77,31.9,,accel+gyro+gravity+mag+orientation,val
A2,Driver H,Defensive,Volvo XC70,Blackberry Priv,United Kingdom,Coventry / Warwickshire,Unknown,False,True,False,False,,Unsynchronised V and S Dataset\Uncategorised IOVNB (V and S) Dataset\S-Dataset\S-A2.csv,,11630.0,,24.0,5814.5,96.91,52.218723,-1.502687,51.258804,-0.069686,51.257977,52.218723,-1.502687,-0.069686,166.58,125.8,,accel+gyro+gravity+mag+orientation,train
A3,Driver H,Defensive,Volvo XC70,Blackberry Priv,United Kingdom,Coventry / Warwickshire,Unknown,False,True,False,False,,Unsynchronised V and S Dataset\Uncategorised IOVNB (V and S) Dataset\S-Dataset\S-A3.csv,,11132.0,,24.0,5566.03,92.77,51.94965,-1.200867,51.161964,-0.222593,51.161964,51.94965,-1.206313,-0.222593,128.15,39.5,,accel+gyro+gravity+mag+orientation,test
A4,Driver H,Defensive,Volvo XC70,Blackberry Priv,United Kingdom,Coventry / Warwickshire,Unknown,False,True,False,False,,Unsynchronised V and S Dataset\Uncategorised IOVNB (V and S) Dataset\S-Dataset\S-A4.csv,,32829.0,,25.0,3282.8,54.71,52.185665,-1.877144,51.819263,-2.223343,51.819263,52.185726,-2.223642,-1.877144,54.59,29.1,,accel+gyro+gravity+mag+orientation,val
A5,Driver H,Defensive,Volvo XC70,Blackberry Priv,United Kingdom,Coventry / Warwickshire,Unknown,False,True,False,False,,Unsynchronised V and S Dataset\Uncategorised IOVNB (V and S) Dataset\S-Dataset\S-A5.csv,,85041.0,,24.0,8504.35,141.74,51.819317,-2.223346,50.986168,-3.217467,50.97236,51.819527,-3.218043,-2.223346,128.43,31.0,,accel+gyro+gravity+mag+orientation,train
A6,Driver H,Defensive,Volvo XC70,Blackberry Priv,United Kingdom,Coventry / Warwickshire,Unknown,False,True,False,False,,Unsynchronised V and S Dataset\Uncategorised IOVNB (V and S) Dataset\S-Dataset\S-A6.csv,,86034.0,,24.0,8537.4,142.29,50.98616,-3.217572,50.465206,-5.027401,50.41365,50.98627,-5.033129,-3.19069,179.93,29.2,,accel+gyro+gravity+mag+orientation,train
A7,Driver H,Defensive,Volvo XC70,Blackberry Priv,United Kingdom,Coventry / Warwickshire,Unknown,False,True,False,False,,Unsynchronised V and S Dataset\Uncategorised IOVNB (V and S) Dataset\S-Dataset\S-A7.csv,,43872.0,,24.0,4387.1,73.12,50.986195,-3.21749,51.65556,-2.432973,50.973503,51.65585,-3.217763,-2.432863,103.87,30.1,,accel+gyro+gravity+mag+orientation,train
A8,Driver H,Defensive,Volvo XC70,Blackberry Priv,United Kingdom,Coventry / Warwickshire,Unknown,False,True,False,False,,Unsynchronised V and S Dataset\Uncategorised IOVNB (V and S) Dataset\S-Dataset\S-A8.csv,,66617.0,,24.0,6661.6,111.03,51.656784,-2.431433,52.49129,-1.432837,51.655445,52.491463,-2.43316,-1.406683,135.73,29.3,,accel+gyro+gravity+mag+orientation,train
A9,Driver H,Defensive,Volvo XC70,Blackberry Priv,United Kingdom,Coventry / Warwickshire,Unknown,False,True,False,False,,Unsynchronised V and S Dataset\Uncategorised IOVNB (V and S) Dataset\S-Dataset\S-A9.csv,,11962.0,,24.0,5980.5,99.67,52.49089,-2.197581,52.431503,-1.440212,52.43012,52.51459,-2.197581,-1.428275,65.56,109.8,,accel+gyro+gravity+mag+orientation,train
I,Driver G,Defensive,Toyota Corolla Verso,Huawei P20 Pro,Nigeria,Lagos (Victoria Island),Unknown,False,True,False,False,,Unsynchronised V and S Dataset\Uncategorised IOVNB (V and S) Dataset\S-Dataset\S-I.csv,,5800.0,,24.0,579.9,9.66,6.44293,3.410031,6.442914,3.410001,6.442914,6.44293,3.410001,3.410285,0.06,0.8,,accel+gyro+gravity+mag+orientation,train
M,Driver B,Defensive,Ford Fiesta Titanium (FWD),Huawei P20 Pro,United Kingdom,Coventry,E,True,True,True,True,Synchronised V abd S datasets\Categorised IOVNB Dataset\M (Driver B)\V-M.csv,Synchronised V abd S datasets\Categorised IOVNB Dataset\M (Driver B)\S-M.csv,105974.0,105974.0,29.0,24.0,10597.3,176.62,52.4025641,-1.5034825,52.4132793,-1.5306981,52.3578301,52.4793227,-1.5887188,-1.3784151999999998,104.85,100.7,80.0,accel+gyro+gravity+mag+orientation,train
S1,Driver A,Defensive,Ford Fiesta Titanium (FWD),Huawei P20 Pro,United Kingdom,Coventry / Rugby / Nuneaton,E,True,True,True,True,Synchronised V abd S datasets\Categorised IOVNB Dataset\S (Driver A)\S1\V-S1.csv,Synchronised V abd S datasets\Categorised IOVNB Dataset\S (Driver A)\S1\S-S1.csv,51746.0,51746.0,29.0,24.0,5174.5,86.24,52.4017192,-1.5053331,52.403121000000006,-1.5579614,52.3984045,52.4199255,-1.6034266,-1.5053331,37.94,93.8,71.0,accel+gyro+gravity+mag+orientation,train
S2,Driver A,Defensive,Ford Fiesta Titanium (FWD),Huawei P20 Pro,United Kingdom,Coventry / Rugby / Nuneaton,E,True,True,True,True,Synchronised V abd S datasets\Categorised IOVNB Dataset\S (Driver A)\S2\V-S2.csv,Synchronised V abd S datasets\Categorised IOVNB Dataset\S (Driver A)\S2\S-S2.csv,93876.0,93876.0,29.0,24.0,9387.5,156.46,52.4031372,-1.557977,52.5552654,-1.4590376,52.3902747,52.5587793,-1.5970094,-1.3631521,75.27,105.2,0.0,accel+gyro+gravity+mag+orientation,train
S3A,Driver A,Defensive,Ford Fiesta Titanium (FWD),Huawei P20 Pro,United Kingdom,Coventry / Rugby / Nuneaton,E,True,True,True,True,Synchronised V abd S datasets\Categorised IOVNB Dataset\S (Driver A)\S3a\V-S3a.csv,Synchronised V abd S datasets\Categorised IOVNB Dataset\S (Driver A)\S3a\S-S3a.csv,24621.0,24621.0,29.0,24.0,2462.0,41.03,52.4048835,-1.5002890999999998,52.3707538,-1.2543473,52.3626579,52.4078496,-1.5002890999999998,-1.2288605,25.88,98.0,2.0,accel+gyro+gravity+mag+orientation,train
S3B,Driver A,Defensive,Ford Fiesta Titanium (FWD),Huawei P20 Pro,United Kingdom,Coventry / Rugby / Nuneaton,E,True,True,True,True,Synchronised V abd S datasets\Categorised IOVNB Dataset\S (Driver A)\S3b\V-S3b.csv,Synchronised V abd S datasets\Categorised IOVNB Dataset\S (Driver A)\S3b\S-S3b.csv,6813.0,6813.0,29.0,24.0,681.2,11.35,52.3704618,-1.2544278,52.3792637,-1.2611948999999998,52.369639600000006,52.379301000000005,-1.2611948999999998,-1.2520968,3.73,44.7,0.0,accel+gyro+gravity+mag+orientation,train
S3C,Driver A,Defensive,Ford Fiesta Titanium (FWD),Huawei P20 Pro,United Kingdom,Coventry / Rugby / Nuneaton,E,True,True,True,True,Synchronised V abd S datasets\Categorised IOVNB Dataset\S (Driver A)\S3c\V-S3c.csv,Synchronised V abd S datasets\Categorised IOVNB Dataset\S (Driver A)\S3c\S-S3c.csv,37183.0,37183.0,29.0,24.0,3718.2,61.97,52.3794122,-1.2617807,52.4056755,-1.5001132,52.3794122,52.4373251,-1.5197389,-1.2365298999999998,43.9,117.1,275.0,accel+gyro+gravity+mag+orientation,val
S4,Driver A,Defensive,Ford Fiesta Titanium (FWD),Huawei P20 Pro,United Kingdom,Coventry / Rugby / Nuneaton,E,True,True,True,True,Synchronised V abd S datasets\Categorised IOVNB Dataset\S (Driver A)\S4\V-S4.csv,Synchronised V abd S datasets\Categorised IOVNB Dataset\S (Driver A)\S4\S-S4.csv,94600.0,94600.0,29.0,24.0,9459.9,157.67,52.40245660000001,-1.5053917999999995,52.4044431,-1.5055807,52.3698962,52.4382826,-1.5901432,-1.4304653000000005,88.24,109.6,3.0,accel+gyro+gravity+mag+orientation,train
ST1,Driver C,Defensive,Ford Fiesta Titanium (FWD),None (CAN Only),United Kingdom,Coventry / Warwick / Oxford / Stokenchurch,E,True,False,False,False,Unsynchronised V and S Dataset\Categorised IOVNB (V) Dataset\V Dataset\St (Driver C)\St1\V-St1.csv,,57213.0,,29.0,,5721.2,95.35,52.40716380000001,-1.5244733,52.4056331,-1.5001644000000005,52.3376429,52.4119814,-1.581401,-1.4964588000000003,46.71,73.3,37.0,,val
ST4,Driver C,Defensive,Ford Fiesta Titanium (FWD),None (CAN Only),United Kingdom,Coventry / Warwick / Oxford / Stokenchurch,E,True,False,False,False,Unsynchronised V and S Dataset\Categorised IOVNB (V) Dataset\V Dataset\St (Driver C)\St4\V-St4.csv,,13591.0,,29.0,,1359.0,22.65,52.4043335,-1.5012401,52.2183015,-1.5021474,52.2183015,52.4043335,-1.6137171,-1.4909137,28.42,101.4,8.0,,train
ST6,Driver C,Defensive,Ford Fiesta Titanium (FWD),None (CAN Only),United Kingdom,Coventry / Warwick / Oxford / Stokenchurch,E,True,False,False,False,Unsynchronised V and S Dataset\Categorised IOVNB (V) Dataset\V Dataset\St (Driver C)\St6\V-St6.csv,,51360.0,,29.0,,5135.9,85.6,52.218326300000015,-1.5021495,51.7624114,-1.2732289,51.66030080000001,52.218326300000015,-1.5021495,-0.9125224,113.41,122.1,0.0,,train
ST7,Driver C,Defensive,Ford Fiesta Titanium (FWD),None (CAN Only),United Kingdom,Coventry / Warwick / Oxford / Stokenchurch,E,True,False,False,False,Unsynchronised V and S Dataset\Categorised IOVNB (V) Dataset\V Dataset\St (Driver C)\St7\V-St7.csv,,44427.0,,29.0,,4509.7,75.16,51.7623562,-1.2733173999999996,52.4006856,-1.498819,51.762215,52.4006856,-1.6152968,-1.1996767999999995,89.89,117.9,3.0,,train
T1,Driver F,Defensive,Renault Megane,Motorola Moto G7 Power,France,Charente-Maritime / Paris,Unknown,False,True,False,False,,Unsynchronised V and S Dataset\Uncategorised IOVNB (V and S) Dataset\S-Dataset\S-T1.csv,,25759.0,,18.0,738.38,12.31,45.93137,-0.472371,46.430916,-0.502888,45.93137,46.430916,-0.548924,-0.29926,76.2,38.5,,accel+gyro+gravity,train
T10,Driver F,Defensive,Renault Megane,Motorola Moto G7 Power,France,Charente-Maritime / Paris,Unknown,False,True,False,False,,Unsynchronised V and S Dataset\Uncategorised IOVNB (V and S) Dataset\S-Dataset\S-T10.csv,,6699.0,,24.0,669.8,11.16,48.901104,2.340227,48.874504,2.292762,48.874504,48.901104,2.279519,2.340227,6.56,19.1,,accel+gyro+gravity+mag+orientation,test
T11,Driver F,Defensive,Renault Megane,Motorola Moto G7 Power,France,Charente-Maritime / Paris,Unknown,False,True,False,False,,Unsynchronised V and S Dataset\Uncategorised IOVNB (V and S) Dataset\S-Dataset\S-T11.csv,,5690.0,,24.0,568.9,9.48,48.865894,2.299761,48.859264,2.322507,48.859264,48.865894,2.299594,2.322507,2.28,12.7,,accel+gyro+gravity+mag+orientation,train
T2,Driver F,Defensive,Renault Megane,Motorola Moto G7 Power,France,Charente-Maritime / Paris,Unknown,False,True,False,False,,Unsynchronised V and S Dataset\Uncategorised IOVNB (V and S) Dataset\S-Dataset\S-T2.csv,,75555.0,,18.0,7554.94,125.92,47.27167,-2.205261,46.42865,-0.506712,46.39089,47.37175,-2.208136,-0.506712,201.23,39.3,,accel+gyro+gravity,train
T3,Driver F,Defensive,Renault Megane,Motorola Moto G7 Power,France,Charente-Maritime / Paris,Unknown,False,True,False,False,,Unsynchronised V and S Dataset\Uncategorised IOVNB (V and S) Dataset\S-Dataset\S-T3.csv,,65859.0,,18.0,6469.24,107.82,46.428593,-0.506668,45.626423,0.225825,45.624,46.429844,-0.551489,0.227603,151.0,37.8,,accel+gyro+gravity,train
T4,Driver F,Defensive,Renault Megane,Motorola Moto G7 Power,France,Charente-Maritime / Paris,Unknown,False,True,False,False,,Unsynchronised V and S Dataset\Uncategorised IOVNB (V and S) Dataset\S-Dataset\S-T4.csv,,73482.0,,18.0,3580.24,59.67,45.62667,0.225799,46.430275,-0.504613,45.623695,46.43135,-0.548824,0.227605,151.67,36.6,,accel+gyro+gravity,train
T5,Driver F,Defensive,Renault Megane,Motorola Moto G7 Power,France,Charente-Maritime / Paris,Unknown,False,True,False,False,,Unsynchronised V and S Dataset\Uncategorised IOVNB (V and S) Dataset\S-Dataset\S-T5.csv,,46387.0,,18.0,2036.99,33.95,46.430428,-0.504429,47.173744,-1.494831,46.391026,47.180054,-1.514612,-0.504429,136.82,38.4,,accel+gyro+gravity,train
T6,Driver F,Defensive,Renault Megane,Motorola Moto G7 Power,France,Charente-Maritime / Paris,Unknown,False,True,False,False,,Unsynchronised V and S Dataset\Uncategorised IOVNB (V and S) Dataset\S-Dataset\S-T6.csv,,86440.0,,18.0,2510.86,41.85,47.178062,-1.502619,48.49632,-2.715081,47.178062,48.506832,-2.716249,-1.468989,212.57,35.1,,accel+gyro+gravity,test
T7,Driver F,Defensive,Renault Megane,Motorola Moto G7 Power,France,Charente-Maritime / Paris,Unknown,False,True,False,False,,Unsynchronised V and S Dataset\Uncategorised IOVNB (V and S) Dataset\S-Dataset\S-T7.csv,,101690.0,,18.0,10170.09,169.5,48.499973,-2.722982,47.12517,-2.076044,47.111225,48.500225,-2.724947,-1.589348,246.86,33.3,,accel+gyro+gravity,train
T8,Driver F,Defensive,Renault Megane,Motorola Moto G7 Power,France,Charente-Maritime / Paris,Unknown,False,True,False,False,,Unsynchronised V and S Dataset\Uncategorised IOVNB (V and S) Dataset\S-Dataset\S-T8.csv,,48344.0,,18.0,4833.81,80.56,47.12512,-2.075933,46.573204,-1.116186,46.57315,47.200417,-2.075957,-1.115348,124.87,38.1,,accel+gyro+gravity,train
T9,Driver F,Defensive,Renault Megane,Motorola Moto G7 Power,France,Charente-Maritime / Paris,Unknown,False,True,False,False,,Unsynchronised V and S Dataset\Uncategorised IOVNB (V and S) Dataset\S-Dataset\S-T9.csv,,79909.0,,18.0,7990.72,133.18,46.573257,-1.116153,45.626823,0.2257,45.623993,46.573257,-1.116153,0.227525,205.23,38.5,,accel+gyro+gravity,train
VFA01,Driver E,Aggressive,Ford Fiesta Titanium (FWD),Huawei P20 Pro (fa) / None (fb),United Kingdom,Nuthall / Nottinghamshire / Nuneaton,C,True,True,True,True,Synchronised V abd S datasets\Categorised IOVNB Dataset\Vf (Driver E)\V-Vfa01\V-Vfa01.csv,Synchronised V abd S datasets\Categorised IOVNB Dataset\Vf (Driver E)\V-Vfa01\S-Vfa01.csv,11535.0,11486.0,29.0,24.0,1153.4,19.22,52.5589784,-1.4832005,52.7098299,-1.5034811,52.5589784,52.7098299,-1.5119583,-1.4738639,18.76,98.4,0.0,accel+gyro+gravity+mag+orientation,train
VFA02,Driver E,Aggressive,Ford Fiesta Titanium (FWD),Huawei P20 Pro (fa) / None (fb),United Kingdom,Nuthall / Nottinghamshire / Nuneaton,C,True,True,True,True,Synchronised V abd S datasets\Categorised IOVNB Dataset\Vf (Driver E)\V-Vfa02\V-Vfa02.csv,Synchronised V abd S datasets\Categorised IOVNB Dataset\Vf (Driver E)\V-Vfa02\S-Vfa02.csv,67755.0,67523.0,29.0,24.0,6775.4,112.92,52.7098426,-1.503177,53.7921429,-1.7665322,52.7098422,53.792844,-1.770652,-1.2310592,163.02,117.9,63.0,accel+gyro+gravity+mag+orientation,train
VFB01A,Driver E,Aggressive,Ford Fiesta Titanium (FWD),Huawei P20 Pro (fa) / None (fb),United Kingdom,Nuthall / Nottinghamshire / Nuneaton,D,True,False,False,False,Unsynchronised V and S Dataset\Categorised IOVNB (V) Dataset\V Dataset\Vf (Driver E)\V-Vfb01a\V-Vfb01a.csv,,17000.0,,29.0,,1699.9,28.33,53.79207320000001,-1.7665349,53.7684721,-1.7491678,53.7684721,53.7950732,-1.7670114,-1.7491678,6.72,68.9,40.0,,train
VFB01B,Driver E,Aggressive,Ford Fiesta Titanium (FWD),Huawei P20 Pro (fa) / None (fb),United Kingdom,Nuthall / Nottinghamshire / Nuneaton,D,True,False,False,False,Unsynchronised V and S Dataset\Categorised IOVNB (V) Dataset\V Dataset\Vf (Driver E)\V-Vfb01b\V-Vfb01b.csv,,3880.0,,29.0,,387.9,6.47,53.7684562,-1.7491562,53.7402147,-1.7229518,53.7381211,53.7684562,-1.7491562,-1.7229518,4.03,83.0,0.0,,train
VFB01C,Driver E,Aggressive,Ford Fiesta Titanium (FWD),Huawei P20 Pro (fa) / None (fb),United Kingdom,Nuthall / Nottinghamshire / Nuneaton,D,True,False,False,False,Unsynchronised V and S Dataset\Categorised IOVNB (V) Dataset\V Dataset\Vf (Driver E)\V-Vfb01c\V-Vfb01c.csv,,6320.0,,29.0,,631.9,10.53,53.7402274,-1.7229367000000002,53.7332028,-1.5822718,53.7296997,53.7477319,-1.7229367000000002,-1.5822718,10.62,104.5,0.0,,train
VFB01D,Driver E,Aggressive,Ford Fiesta Titanium (FWD),Huawei P20 Pro (fa) / None (fb),United Kingdom,Nuthall / Nottinghamshire / Nuneaton,D,True,False,False,False,Unsynchronised V and S Dataset\Categorised IOVNB (V) Dataset\V Dataset\Vf (Driver E)\V-Vfb01d\V-Vfb01d.csv,,10713.0,,29.0,,1071.2,17.85,53.7332039,-1.5822656,53.7217433,-1.5430456,53.7215661,53.7345118,-1.5822656,-1.5430456,3.37,56.0,0.0,,train
VFB02A,Driver E,Aggressive,Ford Fiesta Titanium (FWD),Huawei P20 Pro (fa) / None (fb),United Kingdom,Nuthall / Nottinghamshire / Nuneaton,D,True,False,False,False,Unsynchronised V and S Dataset\Categorised IOVNB (V) Dataset\V Dataset\Vf (Driver E)\V-Vfb02a\V-Vfb02a.csv,,35960.0,,29.0,,3595.9,59.93,53.7218738,-1.5428512,52.9909387,-1.2329651,52.9909387,53.7218738,-1.5574097,-1.2306519,96.34,122.3,0.0,,train
VFB02B,Driver E,Aggressive,Ford Fiesta Titanium (FWD),Huawei P20 Pro (fa) / None (fb),United Kingdom,Nuthall / Nottinghamshire / Nuneaton,D,True,False,False,False,Unsynchronised V and S Dataset\Categorised IOVNB (V) Dataset\V Dataset\Vf (Driver E)\V-Vfb02b\V-Vfb02b.csv,,11000.0,,29.0,,1099.9,18.33,52.9909321,-1.232969,52.9972472,-1.2002732000000005,52.9870595,53.0016125,-1.2332696999999997,-1.1856696999999998,7.63,84.3,0.0,,train
VFB02C,Driver E,Aggressive,Ford Fiesta Titanium (FWD),Huawei P20 Pro (fa) / None (fb),United Kingdom,Nuthall / Nottinghamshire / Nuneaton,D,True,False,False,False,Unsynchronised V and S Dataset\Categorised IOVNB (V) Dataset\V Dataset\Vf (Driver E)\V-Vfb02c\V-Vfb02c.csv,,640.0,,29.0,,63.9,1.07,52.9972509,-1.2002942,52.9992135,-1.2041665,52.9972509,52.9992135,-1.2046019999999995,-1.2002942,0.51,52.8,0.0,,train
VFB02D,Driver E,Aggressive,Ford Fiesta Titanium (FWD),Huawei P20 Pro (fa) / None (fb),United Kingdom,Nuthall / Nottinghamshire / Nuneaton,D,True,False,False,False,Unsynchronised V and S Dataset\Categorised IOVNB (V) Dataset\V Dataset\Vf (Driver E)\V-Vfb02d\V-Vfb02d.csv,,880.0,,29.0,,87.9,1.47,52.9992211,-1.2041752,53.0041653,-1.2117975,52.9992211,53.0045998,-1.2117975,-1.2041752,0.81,57.3,0.0,,val
VFB02E,Driver E,Aggressive,Ford Fiesta Titanium (FWD),Huawei P20 Pro (fa) / None (fb),United Kingdom,Nuthall / Nottinghamshire / Nuneaton,D,True,False,False,False,Unsynchronised V and S Dataset\Categorised IOVNB (V) Dataset\V Dataset\Vf (Driver E)\V-Vfb02e\V-Vfb02e.csv,,980.0,,29.0,,97.9,1.63,53.0041569,-1.2118056,52.9918423,-1.2211588000000004,52.9918423,53.0041569,-1.2211588000000004,-1.2118056,1.49,73.9,0.0,,train
VFB02F,Driver E,Aggressive,Ford Fiesta Titanium (FWD),Huawei P20 Pro (fa) / None (fb),United Kingdom,Nuthall / Nottinghamshire / Nuneaton,D,True,False,False,False,Unsynchronised V and S Dataset\Categorised IOVNB (V) Dataset\V Dataset\Vf (Driver E)\V-Vfb02f\V-Vfb02f.csv,,660.0,,29.0,,65.9,1.1,52.9918338,-1.2211732,52.9903918,-1.2256654,52.9898102,52.9918338,-1.2256654,-1.2211732,0.45,49.5,0.0,,test
VFB02G,Driver E,Aggressive,Ford Fiesta Titanium (FWD),Huawei P20 Pro (fa) / None (fb),United Kingdom,Nuthall / Nottinghamshire / Nuneaton,D,True,False,False,False,Unsynchronised V and S Dataset\Categorised IOVNB (V) Dataset\V Dataset\Vf (Driver E)\V-Vfb02g\V-Vfb02g.csv,,27159.0,,29.0,,2715.8,45.26,52.9903925,-1.2256857999999995,52.5548896,-1.4629636,52.553116,52.9903945,-1.5472909,-1.2256857999999995,63.45,119.4,0.0,,train
VTA10,Driver E,Aggressive,Ford Fiesta Titanium (FWD),Huawei P20 Pro,United Kingdom,Atherstone / Tamworth / Ashby / Leicestershire,A,True,True,True,True,Synchronised V abd S datasets\Categorised IOVNB Dataset\Vta (Driver E)\Vta10\V-vta10.csv,Synchronised V abd S datasets\Categorised IOVNB Dataset\Vta (Driver E)\Vta10\S-Vta10.csv,1502.0,1502.0,29.0,24.0,150.1,2.5,52.88176740000001,-1.7174155000000002,52.8909042,-1.767002,52.88176740000001,52.8909042,-1.767002,-1.7174155000000002,3.74,118.0,0.0,accel+gyro+gravity+mag+orientation,train
VTA11,Driver E,Aggressive,Ford Fiesta Titanium (FWD),Huawei P20 Pro,United Kingdom,Atherstone / Tamworth / Ashby / Leicestershire,A,True,True,True,True,Synchronised V abd S datasets\Categorised IOVNB Dataset\Vta (Driver E)\Vta11\V-vta11.csv,Synchronised V abd S datasets\Categorised IOVNB Dataset\Vta (Driver E)\Vta11\S-Vta11.csv,510.0,510.0,29.0,24.0,50.9,0.85,52.892154,-1.7710478,52.8946472,-1.7730389999999998,52.892154,52.8946472,-1.7760076,-1.7710478,0.69,97.7,0.0,accel+gyro+gravity+mag+orientation,val
VTA12,Driver E,Aggressive,Ford Fiesta Titanium (FWD),Huawei P20 Pro,United Kingdom,Atherstone / Tamworth / Ashby / Leicestershire,A,True,True,True,True,Synchronised V abd S datasets\Categorised IOVNB Dataset\Vta (Driver E)\Vta12\V-vta12.csv,Synchronised V abd S datasets\Categorised IOVNB Dataset\Vta (Driver E)\Vta12\S-Vta12.csv,610.0,610.0,29.0,24.0,60.9,1.02,52.8958062,-1.7704992,52.90527039999999,-1.7661359,52.8958062,52.90527039999999,-1.7704992,-1.7661359,1.11,85.3,0.0,accel+gyro+gravity+mag+orientation,train
VTA13,Driver E,Aggressive,Ford Fiesta Titanium (FWD),Huawei P20 Pro,United Kingdom,Atherstone / Tamworth / Ashby / Leicestershire,A,True,True,True,True,Synchronised V abd S datasets\Categorised IOVNB Dataset\Vta (Driver E)\Vta13\V-vta13.csv,Synchronised V abd S datasets\Categorised IOVNB Dataset\Vta (Driver E)\Vta13\S-Vta13.csv,404.0,404.0,29.0,24.0,40.3,0.67,52.9073546,-1.7648318,52.9155214,-1.7605365,52.9073546,52.9155214,-1.7648318,-1.760498,0.97,103.6,0.0,accel+gyro+gravity+mag+orientation,train
VTA14,Driver E,Aggressive,Ford Fiesta Titanium (FWD),Huawei P20 Pro,United Kingdom,Atherstone / Tamworth / Ashby / Leicestershire,A,True,True,True,True,Synchronised V abd S datasets\Categorised IOVNB Dataset\Vta (Driver E)\Vta14\V-vta14.csv,Synchronised V abd S datasets\Categorised IOVNB Dataset\Vta (Driver E)\Vta14\S-Vta14.csv,2885.0,2885.0,29.0,24.0,288.4,4.81,52.9164217,-1.7604872,52.9639178,-1.7574937,52.9164217,52.9639178,-1.7637877000000002,-1.7574937,5.42,91.0,0.0,accel+gyro+gravity+mag+orientation,train
VTA15,Driver E,Aggressive,Ford Fiesta Titanium (FWD),Huawei P20 Pro,United Kingdom,Atherstone / Tamworth / Ashby / Leicestershire,A,True,True,True,True,Synchronised V abd S datasets\Categorised IOVNB Dataset\Vta (Driver E)\Vta15\V-vta15.csv,Synchronised V abd S datasets\Categorised IOVNB Dataset\Vta (Driver E)\Vta15\S-Vta15.csv,833.0,833.0,29.0,24.0,83.2,1.39,52.9654261,-1.7569492,52.979204900000006,-1.7506647999999998,52.9654261,52.979204900000006,-1.7569492,-1.7498335000000005,1.63,78.8,0.0,accel+gyro+gravity+mag+orientation,train
VTA16,Driver E,Aggressive,Ford Fiesta Titanium (FWD),Huawei P20 Pro,United Kingdom,Atherstone / Tamworth / Ashby / Leicestershire,A,True,True,True,True,Synchronised V abd S datasets\Categorised IOVNB Dataset\Vta (Driver E)\Vta16\V-vta16.csv,Synchronised V abd S datasets\Categorised IOVNB Dataset\Vta (Driver E)\Vta16\S-Vta16.csv,11335.0,11335.0,29.0,24.0,1133.4,18.89,52.9800935,-1.750112,53.0526879,-1.7740729,52.9800935,53.0630724,-1.7740729,-1.7316515,13.63,93.9,0.0,accel+gyro+gravity+mag+orientation,train
VTA17,Driver E,Aggressive,Ford Fiesta Titanium (FWD),Huawei P20 Pro,United Kingdom,Atherstone / Tamworth / Ashby / Leicestershire,A,True,True,True,True,Synchronised V abd S datasets\Categorised IOVNB Dataset\Vta (Driver E)\Vta17\V-vta17.csv,Synchronised V abd S datasets\Categorised IOVNB Dataset\Vta (Driver E)\Vta17\S-Vta17.csv,4519.0,4519.0,29.0,24.0,451.8,7.53,53.0526814,-1.7761166000000002,53.0435311,-1.8058336,53.0421429,53.0552289,-1.8058336,-1.7761166000000002,4.07,56.2,0.0,accel+gyro+gravity+mag+orientation,test
VTA18,Driver E,Aggressive,Ford Fiesta Titanium (FWD),Huawei P20 Pro,United Kingdom,Atherstone / Tamworth / Ashby / Leicestershire,A,True,False,False,False,Unsynchronised V and S Dataset\Uncategorised IOVNB (V and S) Dataset\V-Dataset\V-Vta18.csv,,100.0,,29.0,,9.9,0.17,53.0436164,-1.8068094,53.0435613,-1.8087332,53.0435613,53.043669,-1.8087332,-1.8068094,0.1,51.6,0.0,,train
VTA19,Driver E,Aggressive,Ford Fiesta Titanium (FWD),Huawei P20 Pro,United Kingdom,Atherstone / Tamworth / Ashby / Leicestershire,A,True,True,True,True,Synchronised V abd S datasets\Categorised IOVNB Dataset\Vta (Driver E)\Vta19\V-vta19.csv,Synchronised V abd S datasets\Categorised IOVNB Dataset\Vta (Driver E)\Vta19\S-Vta19.csv,292.0,292.0,29.0,24.0,29.1,0.48,53.043282,-1.8099105,53.0424444,-1.81308,53.0424415,53.043282,-1.8130826,-1.8099105,0.23,54.3,0.0,accel+gyro+gravity+mag+orientation,train
VTA1A,Driver E,Aggressive,Ford Fiesta Titanium (FWD),Huawei P20 Pro,United Kingdom,Atherstone / Tamworth / Ashby / Leicestershire,A,True,True,True,True,Synchronised V abd S datasets\Categorised IOVNB Dataset\Vta (Driver E)\Vta01a\V-Vta1a.csv,Synchronised V abd S datasets\Categorised IOVNB Dataset\Vta (Driver E)\Vta01a\S-Vta1a.csv,25676.0,25676.0,29.0,24.0,2567.5,42.79,52.5618279,-1.45523,52.7491714,-1.6741095,52.5527811,52.7607462,-1.6923737,-1.4547392,40.62,103.4,0.0,accel+gyro+gravity+mag+orientation,val
VTA1B,Driver E,Aggressive,Ford Fiesta Titanium (FWD),Huawei P20 Pro,United Kingdom,Atherstone / Tamworth / Ashby / Leicestershire,A,True,True,True,True,Synchronised V abd S datasets\Categorised IOVNB Dataset\Vta (Driver E)\Vta01b\V-Vta1b.csv,Synchronised V abd S datasets\Categorised IOVNB Dataset\Vta (Driver E)\Vta01b\S-Vta1b.csv,953.0,954.0,29.0,24.0,95.2,1.59,52.7492397,-1.6741376,52.7598923,-1.6786892,52.7492397,52.7598923,-1.6786892,-1.6741376,1.24,77.7,0.0,accel+gyro+gravity+mag+orientation,train
VTA2,Driver E,Aggressive,Ford Fiesta Titanium (FWD),Huawei P20 Pro,United Kingdom,Atherstone / Tamworth / Ashby / Leicestershire,A,True,True,True,True,Synchronised V abd S datasets\Categorised IOVNB Dataset\Vta (Driver E)\Vta02\V-vta2.csv,Synchronised V abd S datasets\Categorised IOVNB Dataset\Vta (Driver E)\Vta02\S-Vta2.csv,10991.0,10991.0,29.0,24.0,1099.0,18.32,52.7604151,-1.6792928,52.8134075,-1.6387220999999998,52.7604151,52.8195049,-1.6799638,-1.6192284,11.03,81.6,0.0,accel+gyro+gravity+mag+orientation,test
VTA20,Driver E,Aggressive,Ford Fiesta Titanium (FWD),Huawei P20 Pro,United Kingdom,Atherstone / Tamworth / Ashby / Leicestershire,A,True,True,True,True,Synchronised V abd S datasets\Categorised IOVNB Dataset\Vta (Driver E)\Vta20\V-vta20.csv,Synchronised V abd S datasets\Categorised IOVNB Dataset\Vta (Driver E)\Vta20\S-Vta20.csv,3223.0,3223.0,29.0,24.0,322.2,5.37,53.0424515,-1.8130638,53.0405016,-1.8174852,53.0404753,53.042464200000005,-1.8174883,-1.8130511,0.38,44.8,0.0,accel+gyro+gravity+mag+orientation,train
VTA21,Driver E,Aggressive,Ford Fiesta Titanium (FWD),Huawei P20 Pro,United Kingdom,Atherstone / Tamworth / Ashby / Leicestershire,A,True,True,True,True,Synchronised V abd S datasets\Categorised IOVNB Dataset\Vta (Driver E)\Vta21\V-vta21.csv,Synchronised V abd S datasets\Categorised IOVNB Dataset\Vta (Driver E)\Vta21\S-Vta21.csv,2079.0,2079.0,29.0,24.0,207.8,3.46,53.0405311,-1.817357,53.051262,-1.8005524,53.0405311,53.051262,-1.817357,-1.7964151000000002,2.73,74.8,0.0,accel+gyro+gravity+mag+orientation,train
VTA22,Driver E,Aggressive,Ford Fiesta Titanium (FWD),Huawei P20 Pro,United Kingdom,Atherstone / Tamworth / Ashby / Leicestershire,A,True,True,True,True,Synchronised V abd S datasets\Categorised IOVNB Dataset\Vta (Driver E)\Vta22\V-vta22.csv,Synchronised V abd S datasets\Categorised IOVNB Dataset\Vta (Driver E)\Vta22\S-Vta22.csv,1564.0,1564.0,29.0,24.0,156.3,2.61,53.0515124,-1.7996905,53.0513832,-1.7827442,53.0513697,53.05525,-1.7996905,-1.7827442,1.65,55.8,0.0,accel+gyro+gravity+mag+orientation,train
VTA23,Driver E,Aggressive,Ford Fiesta Titanium (FWD),Huawei P20 Pro,United Kingdom,Atherstone / Tamworth / Ashby / Leicestershire,A,True,True,True,True,Synchronised V abd S datasets\Categorised IOVNB Dataset\Vta (Driver E)\Vta23\V-vta23.csv,Synchronised V abd S datasets\Categorised IOVNB Dataset\Vta (Driver E)\Vta23\S-Vta23.csv,1110.0,1110.0,29.0,24.0,110.9,1.85,53.0515268,-1.7817706000000002,53.0503689,-1.7679484,53.0503689,53.052990300000005,-1.7817706000000002,-1.7679484,1.08,51.9,0.0,accel+gyro+gravity+mag+orientation,test
VTA24,Driver E,Aggressive,Ford Fiesta Titanium (FWD),Huawei P20 Pro,United Kingdom,Atherstone / Tamworth / Ashby / Leicestershire,A,True,True,True,True,Synchronised V abd S datasets\Categorised IOVNB Dataset\Vta (Driver E)\Vta24\V-vta24.csv,Synchronised V abd S datasets\Categorised IOVNB Dataset\Vta (Driver E)\Vta24\S-Vta24.csv,1171.0,1171.0,29.0,24.0,117.0,1.95,53.0504521,-1.7672031,53.0511551,-1.7582097999999995,53.0504521,53.0517956,-1.7672031,-1.7581572,0.69,56.4,0.0,accel+gyro+gravity+mag+orientation,train
VTA25,Driver E,Aggressive,Ford Fiesta Titanium (FWD),Huawei P20 Pro,United Kingdom,Atherstone / Tamworth / Ashby / Leicestershire,A,True,True,True,True,Synchronised V abd S datasets\Categorised IOVNB Dataset\Vta (Driver E)\Vta25\V-vta25.csv,Synchronised V abd S datasets\Categorised IOVNB Dataset\Vta (Driver E)\Vta25\S-Vta25.csv,646.0,646.0,29.0,24.0,64.5,1.07,53.0512539,-1.7581713,53.0511747,-1.7571101,53.05107640000001,53.051262,-1.7581713,-1.7565252999999998,0.15,48.6,0.0,accel+gyro+gravity+mag+orientation,train
VTA26,Driver E,Aggressive,Ford Fiesta Titanium (FWD),Huawei P20 Pro,United Kingdom,Atherstone / Tamworth / Ashby / Leicestershire,A,True,True,True,True,Synchronised V abd S datasets\Categorised IOVNB Dataset\Vta (Driver E)\Vta26\V-vta26.csv,Synchronised V abd S datasets\Categorised IOVNB Dataset\Vta (Driver E)\Vta26\S-Vta26.csv,1935.0,1935.0,29.0,24.0,193.4,3.22,53.05122,-1.7578610000000003,53.0599424,-1.7591566,53.05122,53.0599424,-1.7591566,-1.7578423,0.99,55.1,0.0,accel+gyro+gravity+mag+orientation,train
VTA27,Driver E,Aggressive,Ford Fiesta Titanium (FWD),Huawei P20 Pro,United Kingdom,Atherstone / Tamworth / Ashby / Leicestershire,A,True,True,True,True,Synchronised V abd S datasets\Categorised IOVNB Dataset\Vta (Driver E)\Vta27\V-vta27.csv,Synchronised V abd S datasets\Categorised IOVNB Dataset\Vta (Driver E)\Vta27\S-Vta27.csv,2540.0,2540.0,29.0,24.0,253.9,4.23,53.0603827,-1.7592351000000002,53.0869688,-1.7657960999999998,53.0603827,53.0869688,-1.7676883,-1.7592351000000002,3.14,65.0,0.0,accel+gyro+gravity+mag+orientation,train
VTA28,Driver E,Aggressive,Ford Fiesta Titanium (FWD),Huawei P20 Pro,United Kingdom,Atherstone / Tamworth / Ashby / Leicestershire,A,True,True,True,True,Synchronised V abd S datasets\Categorised IOVNB Dataset\Vta (Driver E)\Vta28\V-vta28.csv,Synchronised V abd S datasets\Categorised IOVNB Dataset\Vta (Driver E)\Vta28\S-Vta28.csv,4210.0,4210.0,29.0,24.0,420.9,7.01,53.0870987,-1.7658207,53.0893573,-1.7936385,53.0870987,53.0928106,-1.7936385,-1.7658207,3.92,66.0,0.0,accel+gyro+gravity+mag+orientation,train
VTA29,Driver E,Aggressive,Ford Fiesta Titanium (FWD),Huawei P20 Pro,United Kingdom,Atherstone / Tamworth / Ashby / Leicestershire,A,True,True,True,True,Synchronised V abd S datasets\Categorised IOVNB Dataset\Vta (Driver E)\Vta29\V-vta29.csv,Synchronised V abd S datasets\Categorised IOVNB Dataset\Vta (Driver E)\Vta29\S-Vta29.csv,23705.0,23705.0,29.0,24.0,2370.4,39.51,53.0893228,-1.7936523,53.221340000000005,-1.8724766,53.0893228,53.221340000000005,-1.9083286,-1.7936408,26.02,102.0,0.0,accel+gyro+gravity+mag+orientation,val
VTA3,Driver E,Aggressive,Ford Fiesta Titanium (FWD),Huawei P20 Pro,United Kingdom,Atherstone / Tamworth / Ashby / Leicestershire,A,True,True,True,True,Synchronised V abd S datasets\Categorised IOVNB Dataset\Vta (Driver E)\Vta03\V-vta3.csv,Synchronised V abd S datasets\Categorised IOVNB Dataset\Vta (Driver E)\Vta03\S-Vta3.csv,645.0,645.0,29.0,24.0,64.4,1.07,52.8133925,-1.6387913,52.8135866,-1.6378498999999995,52.8130369,52.8135866,-1.640958,-1.6378498999999995,0.37,45.8,0.0,accel+gyro+gravity+mag+orientation,train
VTA30,Driver E,Aggressive,Ford Fiesta Titanium (FWD),Huawei P20 Pro,United Kingdom,Atherstone / Tamworth / Ashby / Leicestershire,A,True,True,True,True,Synchronised V abd S datasets\Categorised IOVNB Dataset\Vta (Driver E)\Vta30\V-vta30.csv,Synchronised V abd S datasets\Categorised IOVNB Dataset\Vta (Driver E)\Vta30\S-Vta30.csv,17136.0,17136.0,29.0,24.0,1713.5,28.56,53.2225445,-1.8725016,53.2506339,-1.9106584,53.2225445,53.2598991,-1.9382754,-1.8719779,11.73,100.0,0.0,accel+gyro+gravity+mag+orientation,train
VTA4,Driver E,Aggressive,Ford Fiesta Titanium (FWD),Huawei P20 Pro,United Kingdom,Atherstone / Tamworth / Ashby / Leicestershire,A,True,True,True,True,Synchronised V abd S datasets\Categorised IOVNB Dataset\Vta (Driver E)\Vta04\V-vta4.csv,Synchronised V abd S datasets\Categorised IOVNB Dataset\Vta (Driver E)\Vta04\S-Vta4.csv,1789.0,1789.0,29.0,24.0,178.8,2.98,52.8137699,-1.6368041,52.8278828,-1.6510502,52.8137699,52.8278828,-1.6510502,-1.6364091,1.98,51.7,0.0,accel+gyro+gravity+mag+orientation,train
VTA5,Driver E,Aggressive,Ford Fiesta Titanium (FWD),Huawei P20 Pro,United Kingdom,Atherstone / Tamworth / Ashby / Leicestershire,A,True,True,True,True,Synchronised V abd S datasets\Categorised IOVNB Dataset\Vta (Driver E)\Vta05\V-vta5.csv,Synchronised V abd S datasets\Categorised IOVNB Dataset\Vta (Driver E)\Vta05\S-Vta5.csv,307.0,307.0,29.0,24.0,30.6,0.51,52.828763,-1.6517674,52.8317752,-1.653374,52.828763,52.8317752,-1.653374,-1.6517674,0.35,51.1,0.0,accel+gyro+gravity+mag+orientation,train
VTA6,Driver E,Aggressive,Ford Fiesta Titanium (FWD),Huawei P20 Pro,United Kingdom,Atherstone / Tamworth / Ashby / Leicestershire,A,True,True,True,True,Synchronised V abd S datasets\Categorised IOVNB Dataset\Vta (Driver E)\Vta06\V-vta6.csv,Synchronised V abd S datasets\Categorised IOVNB Dataset\Vta (Driver E)\Vta06\S-Vta6.csv,1376.0,1376.0,29.0,24.0,137.5,2.29,52.832482,-1.6535135,52.8487367,-1.6788735,52.832482,52.8487367,-1.6788735,-1.6535135,2.55,103.9,0.0,accel+gyro+gravity+mag+orientation,train
VTA7,Driver E,Aggressive,Ford Fiesta Titanium (FWD),Huawei P20 Pro,United Kingdom,Atherstone / Tamworth / Ashby / Leicestershire,A,True,True,True,True,Synchronised V abd S datasets\Categorised IOVNB Dataset\Vta (Driver E)\Vta07\V-vta7.csv,Synchronised V abd S datasets\Categorised IOVNB Dataset\Vta (Driver E)\Vta07\S-Vta7.csv,840.0,840.0,29.0,24.0,83.9,1.4,52.8499582,-1.6796155999999998,52.862270800000005,-1.6829976000000002,52.8499582,52.862270800000005,-1.6831827,-1.6791671999999995,1.47,113.1,0.0,accel+gyro+gravity+mag+orientation,test
VTA8,Driver E,Aggressive,Ford Fiesta Titanium (FWD),Huawei P20 Pro,United Kingdom,Atherstone / Tamworth / Ashby / Leicestershire,A,True,True,True,True,Synchronised V abd S datasets\Categorised IOVNB Dataset\Vta (Driver E)\Vta08\V-vta8.csv,Synchronised V abd S datasets\Categorised IOVNB Dataset\Vta (Driver E)\Vta08\S-Vta8.csv,3676.0,3676.0,29.0,24.0,367.5,6.12,52.8629741,-1.6828150000000002,52.8815867,-1.7049529,52.8629741,52.8815867,-1.7049529,-1.6788961,3.37,77.6,0.0,accel+gyro+gravity+mag+orientation,val
VTA9,Driver E,Aggressive,Ford Fiesta Titanium (FWD),Huawei P20 Pro,United Kingdom,Atherstone / Tamworth / Ashby / Leicestershire,A,True,True,True,True,Synchronised V abd S datasets\Categorised IOVNB Dataset\Vta (Driver E)\Vta09\V-vta9.csv,Synchronised V abd S datasets\Categorised IOVNB Dataset\Vta (Driver E)\Vta09\S-Vta9.csv,156.0,156.0,29.0,24.0,15.5,0.26,52.881577,-1.7080875,52.8815372,-1.7126874,52.8815347,52.881577,-1.7126874,-1.7080875,0.27,87.4,0.0,accel+gyro+gravity+mag+orientation,train
VTB1,Driver E,Aggressive,Ford Fiesta Titanium (FWD),Huawei P20 Pro,United Kingdom,Buxton / Peak District / Derbyshire,B,True,True,True,True,Synchronised V abd S datasets\Categorised IOVNB Dataset\Vtb (Driver E)\Vtb01\V-vtb1.csv,Synchronised V abd S datasets\Categorised IOVNB Dataset\Vtb (Driver E)\Vtb01\S-Vtb1.csv,32459.0,32459.0,29.0,24.0,3245.8,54.1,53.2505939,-1.9107393,53.1841831,-1.6466125,53.1841811,53.2809703,-1.9146445,-1.6429806,41.77,101.2,161.0,accel+gyro+gravity+mag+orientation,train
VTB10,Driver E,Aggressive,Ford Fiesta Titanium (FWD),Huawei P20 Pro,United Kingdom,Buxton / Peak District / Derbyshire,B,True,True,True,True,Synchronised V abd S datasets\Categorised IOVNB Dataset\Vtb (Driver E)\Vtb10\V-vtb10.csv,Synchronised V abd S datasets\Categorised IOVNB Dataset\Vtb (Driver E)\Vtb10\S-Vtb10.csv,195.0,196.0,29.0,24.0,19.4,0.32,52.55900320000001,-1.4843,52.5581475,-1.4813189,52.5581475,52.55900320000001,-1.4843,-1.4813189,0.2,58.5,0.0,accel+gyro+gravity+mag+orientation,test
VTB11,Driver E,Aggressive,Ford Fiesta Titanium (FWD),Huawei P20 Pro,United Kingdom,Buxton / Peak District / Derbyshire,B,True,True,True,True,Synchronised V abd S datasets\Categorised IOVNB Dataset\Vtb (Driver E)\Vtb11\V-vtb11.csv,Synchronised V abd S datasets\Categorised IOVNB Dataset\Vtb (Driver E)\Vtb11\S-Vtb11.csv,361.0,361.0,29.0,24.0,36.0,0.6,52.5572961,-1.4784122,52.5545369,-1.4691684,52.5545369,52.5572961,-1.4784122,-1.4691684,0.7,75.3,0.0,accel+gyro+gravity+mag+orientation,train
VTB12,Driver E,Aggressive,Ford Fiesta Titanium (FWD),Huawei P20 Pro,United Kingdom,Buxton / Peak District / Derbyshire,B,True,True,True,True,Synchronised V abd S datasets\Categorised IOVNB Dataset\Vtb (Driver E)\Vtb12\V-vtb12.csv,Synchronised V abd S datasets\Categorised IOVNB Dataset\Vtb (Driver E)\Vtb12\S-Vtb12.csv,447.0,447.0,29.0,24.0,44.6,0.74,52.5538423,-1.4667861,52.5547059,-1.4601857,52.553132,52.5547059,-1.4667861,-1.4601857,0.52,71.0,0.0,accel+gyro+gravity+mag+orientation,train
VTB13,Driver E,Aggressive,Ford Fiesta Titanium (FWD),Huawei P20 Pro,United Kingdom,Buxton / Peak District / Derbyshire,B,True,False,False,False,Unsynchronised V and S Dataset\Categorised IOVNB (V) Dataset\V Dataset\Vtb (Driver E)\Vtb13\V-Vtb13.csv,,1245.0,,29.0,,124.4,2.07,52.5557398,-1.4589586,52.5617449,-1.4548067,52.5557398,52.5617449,-1.4598011,-1.4547838999999996,0.98,43.3,0.0,,train
VTB2,Driver E,Aggressive,Ford Fiesta Titanium (FWD),Huawei P20 Pro,United Kingdom,Buxton / Peak District / Derbyshire,B,True,True,True,True,Synchronised V abd S datasets\Categorised IOVNB Dataset\Vtb (Driver E)\Vtb02\V-vtb2.csv,Synchronised V abd S datasets\Categorised IOVNB Dataset\Vtb (Driver E)\Vtb02\S-Vtb2.csv,5712.0,5712.0,29.0,24.0,571.1,9.52,53.1841716,-1.6465021,53.171338500000005,-1.6734037000000002,53.1702936,53.184182,-1.6846019999999997,-1.6464927,4.32,61.1,0.0,accel+gyro+gravity+mag+orientation,train
VTB3,Driver E,Aggressive,Ford Fiesta Titanium (FWD),Huawei P20 Pro,United Kingdom,Buxton / Peak District / Derbyshire,B,True,True,True,True,Synchronised V abd S datasets\Categorised IOVNB Dataset\Vtb (Driver E)\Vtb03\V-vtb3.csv,Synchronised V abd S datasets\Categorised IOVNB Dataset\Vtb (Driver E)\Vtb03\S-Vtb3.csv,8240.0,8240.0,29.0,24.0,823.9,13.73,53.171113,-1.6729939,53.1707753,-1.6724269,53.1699336,53.171113,-1.6729939,-1.6684084,0.67,37.5,0.0,accel+gyro+gravity+mag+orientation,val
VTB4,Driver E,Aggressive,Ford Fiesta Titanium (FWD),Huawei P20 Pro,United Kingdom,Buxton / Peak District / Derbyshire,B,True,True,True,True,Synchronised V abd S datasets\Categorised IOVNB Dataset\Vtb (Driver E)\Vtb04\V-vtb4.csv,Synchronised V abd S datasets\Categorised IOVNB Dataset\Vtb (Driver E)\Vtb04\S-Vtb4.csv,556.0,556.0,29.0,24.0,55.5,0.93,53.1710458,-1.6728776,53.1706729,-1.6752496999999995,53.1706727,53.1716386,-1.6752505000000002,-1.6728776,0.24,32.7,0.0,accel+gyro+gravity+mag+orientation,val
VTB5,Driver E,Aggressive,Ford Fiesta Titanium (FWD),Huawei P20 Pro,United Kingdom,Buxton / Peak District / Derbyshire,B,True,True,True,True,Synchronised V abd S datasets\Categorised IOVNB Dataset\Vtb (Driver E)\Vtb05\V-vtb5.csv,Synchronised V abd S datasets\Categorised IOVNB Dataset\Vtb (Driver E)\Vtb05\S-Vtb5.csv,64388.0,64388.0,29.0,24.0,6438.7,107.31,53.1706336,-1.6752919999999998,52.5790267,-1.5389757000000002,52.5790267,53.19002149999999,-1.6846469999999998,-1.2307461999999998,111.38,112.9,11.0,accel+gyro+gravity+mag+orientation,val
VTB6,Driver E,Aggressive,Ford Fiesta Titanium (FWD),Huawei P20 Pro,United Kingdom,Buxton / Peak District / Derbyshire,B,True,True,True,True,Synchronised V abd S datasets\Categorised IOVNB Dataset\Vtb (Driver E)\Vtb06\V-vtb6.csv,Synchronised V abd S datasets\Categorised IOVNB Dataset\Vtb (Driver E)\Vtb06\S-Vtb6.csv,498.0,498.0,29.0,24.0,49.7,0.83,52.5783009,-1.5376289,52.5731438,-1.5278862,52.5731438,52.5783009,-1.5376289,-1.5278862,0.85,73.0,0.0,accel+gyro+gravity+mag+orientation,val
VTB7,Driver E,Aggressive,Ford Fiesta Titanium (FWD),Huawei P20 Pro,United Kingdom,Buxton / Peak District / Derbyshire,B,True,True,True,True,Synchronised V abd S datasets\Categorised IOVNB Dataset\Vtb (Driver E)\Vtb07\V-vtb7.csv,Synchronised V abd S datasets\Categorised IOVNB Dataset\Vtb (Driver E)\Vtb07\S-Vtb7.csv,461.0,461.0,29.0,24.0,46.0,0.77,52.5727695,-1.5270629,52.5690665,-1.5185565,52.5690665,52.5727695,-1.5270629,-1.5185565,0.72,69.2,0.0,accel+gyro+gravity+mag+orientation,train
VTB8,Driver E,Aggressive,Ford Fiesta Titanium (FWD),Huawei P20 Pro,United Kingdom,Buxton / Peak District / Derbyshire,B,True,True,True,True,Synchronised V abd S datasets\Categorised IOVNB Dataset\Vtb (Driver E)\Vtb08\V-vtb8.csv,Synchronised V abd S datasets\Categorised IOVNB Dataset\Vtb (Driver E)\Vtb08\S-Vtb8.csv,668.0,668.0,29.0,24.0,66.7,1.11,52.5685014,-1.5166419,52.5634336,-1.4994729,52.5634336,52.5685014,-1.5166419,-1.4994729,1.28,76.5,0.0,accel+gyro+gravity+mag+orientation,train
VTB9,Driver E,Aggressive,Ford Fiesta Titanium (FWD),Huawei P20 Pro,United Kingdom,Buxton / Peak District / Derbyshire,B,True,True,True,True,Synchronised V abd S datasets\Categorised IOVNB Dataset\Vtb (Driver E)\Vtb09\V-vtb9.csv,Synchronised V abd S datasets\Categorised IOVNB Dataset\Vtb (Driver E)\Vtb09\S-Vtb9.csv,452.0,452.0,29.0,24.0,45.1,0.75,52.5630667,-1.4982033,52.5592966,-1.4853653999999998,52.5592966,52.5630667,-1.4982033,-1.4853653999999998,0.94,92.0,0.0,accel+gyro+gravity+mag+orientation,train
VW1,Driver E,Aggressive,Ford Fiesta Titanium (FWD),Huawei P20 Pro,United Kingdom,Warwick / Leamington / Coventry,C,True,True,True,True,Synchronised V abd S datasets\Categorised IOVNB Dataset\Vw (Driver E)\Vw01\V-Vw1.csv,Synchronised V abd S datasets\Categorised IOVNB Dataset\Vw (Driver E)\Vw01\S-Vw1.csv,20475.0,20476.0,29.0,24.0,2047.4,34.12,52.5547152,-1.4630626999999998,52.5547084,-1.4630624,52.5546998,52.5547152,-1.4630719,-1.4630337,0.02,0.3,0.0,accel+gyro+gravity+mag+orientation,train
VW10,Driver E,Aggressive,Ford Fiesta Titanium (FWD),Huawei P20 Pro,United Kingdom,Warwick / Leamington / Coventry,C,True,True,True,True,Synchronised V abd S datasets\Categorised IOVNB Dataset\Vw (Driver E)\Vw10\V-Vw10.csv,Synchronised V abd S datasets\Categorised IOVNB Dataset\Vw (Driver E)\Vw10\S-Vw10.csv,652.0,652.0,29.0,24.0,65.1,1.08,52.2018381,-2.2017669,52.2036576,-2.1920334,52.201835,52.2036576,-2.2017669,-2.1920334,0.72,58.9,0.0,accel+gyro+gravity+mag+orientation,train
VW11,Driver E,Aggressive,Ford Fiesta Titanium (FWD),Huawei P20 Pro,United Kingdom,Warwick / Leamington / Coventry,C,True,True,True,True,Synchronised V abd S datasets\Categorised IOVNB Dataset\Vw (Driver E)\Vw11\V-Vw11.csv,Synchronised V abd S datasets\Categorised IOVNB Dataset\Vw (Driver E)\Vw11\S-Vw11.csv,4909.0,4909.0,29.0,24.0,490.8,8.18,52.2037057,-2.191803,52.2310356,-2.1403751,52.2017944,52.2310356,-2.191803,-2.1403751,5.8,98.4,0.0,accel+gyro+gravity+mag+orientation,train
VW12,Driver E,Aggressive,Ford Fiesta Titanium (FWD),Huawei P20 Pro,United Kingdom,Warwick / Leamington / Coventry,C,True,True,True,True,Synchronised V abd S datasets\Categorised IOVNB Dataset\Vw (Driver E)\Vw12\V-Vw12.csv,Synchronised V abd S datasets\Categorised IOVNB Dataset\Vw (Driver E)\Vw12\S-Vw12.csv,918.0,918.0,29.0,24.0,91.7,1.53,52.2332923,-2.1389871,52.2534681,-2.1344429000000003,52.2332923,52.2534681,-2.1389871,-2.1335957,2.26,97.4,0.0,accel+gyro+gravity+mag+orientation,train
VW13,Driver E,Aggressive,Ford Fiesta Titanium (FWD),Huawei P20 Pro,United Kingdom,Warwick / Leamington / Coventry,C,True,True,True,True,Synchronised V abd S datasets\Categorised IOVNB Dataset\Vw (Driver E)\Vw13\V-Vw13.csv,Synchronised V abd S datasets\Categorised IOVNB Dataset\Vw (Driver E)\Vw13\S-Vw13.csv,284.0,284.0,29.0,24.0,28.3,0.47,52.2750894,-2.1219935000000003,52.281897,-2.1196186,52.2750894,52.281897,-2.1219935000000003,-2.1196186,0.77,113.5,0.0,accel+gyro+gravity+mag+orientation,test
VW14A,Driver E,Aggressive,Ford Fiesta Titanium (FWD),Huawei P20 Pro,United Kingdom,Warwick / Leamington / Coventry,C,True,True,True,True,Synchronised V abd S datasets\Categorised IOVNB Dataset\Vw (Driver E)\Vw14a\V-Vw14a.csv,Synchronised V abd S datasets\Categorised IOVNB Dataset\Vw (Driver E)\Vw14a\S-Vw14a.csv,3138.0,3138.0,29.0,24.0,313.7,5.23,52.2859629,-2.1196282,52.3485573,-2.0744002000000004,52.2859629,52.3485573,-2.1213319,-2.0744002000000004,7.86,109.4,1.0,accel+gyro+gravity+mag+orientation,train
VW14B,Driver E,Aggressive,Ford Fiesta Titanium (FWD),Huawei P20 Pro,United Kingdom,Warwick / Leamington / Coventry,C,True,True,True,True,Synchronised V abd S datasets\Categorised IOVNB Dataset\Vw (Driver E)\Vw14b\V-Vw14b.csv,Synchronised V abd S datasets\Categorised IOVNB Dataset\Vw (Driver E)\Vw14b\S-Vw14b.csv,19588.0,19588.0,29.0,24.0,1958.7,32.65,52.3488409,-2.0742211,52.5241614,-1.7285568,52.3475351,52.5241614,-2.0742211,-1.7088806,41.08,120.1,0.0,accel+gyro+gravity+mag+orientation,val
VW14C,Driver E,Aggressive,Ford Fiesta Titanium (FWD),Huawei P20 Pro,United Kingdom,Warwick / Leamington / Coventry,C,True,True,True,True,Synchronised V abd S datasets\Categorised IOVNB Dataset\Vw (Driver E)\Vw14c\V-Vw14c.csv,Synchronised V abd S datasets\Categorised IOVNB Dataset\Vw (Driver E)\Vw14c\S-Vw14c.csv,15826.0,15826.0,29.0,24.0,1582.5,26.38,52.5247201,-1.7287454,52.5963061,-1.6089489,52.5247201,52.6044365,-1.7317667,-1.6089489,17.05,100.5,0.0,accel+gyro+gravity+mag+orientation,test
VW15,Driver E,Aggressive,Ford Fiesta Titanium (FWD),Huawei P20 Pro,United Kingdom,Warwick / Leamington / Coventry,C,True,True,True,True,Synchronised V abd S datasets\Categorised IOVNB Dataset\Vw (Driver E)\Vw15\V-Vw15.csv,Synchronised V abd S datasets\Categorised IOVNB Dataset\Vw (Driver E)\Vw15\S-Vw15.csv,1391.0,1380.0,29.0,24.0,139.0,2.32,52.5962764,-1.6088959,52.5963123,-1.6089546999999995,52.5962761,52.5963124,-1.6089551,-1.6088928,0.01,0.8,0.0,accel+gyro+gravity+mag+orientation,train
VW16A,Driver E,Aggressive,Ford Fiesta Titanium (FWD),Huawei P20 Pro,United Kingdom,Warwick / Leamington / Coventry,C,True,True,True,True,Synchronised V abd S datasets\Categorised IOVNB Dataset\Vw (Driver E)\Vw16a\V-Vw16a.csv,Synchronised V abd S datasets\Categorised IOVNB Dataset\Vw (Driver E)\Vw16a\S-Vw16a.csv,5879.0,5879.0,29.0,24.0,587.8,9.8,52.5962764,-1.6089172,52.5633547,-1.499184,52.5633547,52.5962764,-1.6089375,-1.499184,8.42,83.5,0.0,accel+gyro+gravity+mag+orientation,train
VW16B,Driver E,Aggressive,Ford Fiesta Titanium (FWD),Huawei P20 Pro,United Kingdom,Warwick / Leamington / Coventry,C,True,True,True,True,Synchronised V abd S datasets\Categorised IOVNB Dataset\Vw (Driver E)\Vw16b\V-Vw16b.csv,Synchronised V abd S datasets\Categorised IOVNB Dataset\Vw (Driver E)\Vw16b\S-Vw16b.csv,1126.0,1126.0,29.0,24.0,112.5,1.88,52.5629684,-1.4978804,52.5556237,-1.4727990999999998,52.5556237,52.5629684,-1.4978804,-1.4727990999999998,1.87,86.3,0.0,accel+gyro+gravity+mag+orientation,train
VW17,Driver E,Aggressive,Ford Fiesta Titanium (FWD),Huawei P20 Pro,United Kingdom,Warwick / Leamington / Coventry,C,True,True,True,True,Synchronised V abd S datasets\Categorised IOVNB Dataset\Vw (Driver E)\Vw17\V-Vw17.csv,Synchronised V abd S datasets\Categorised IOVNB Dataset\Vw (Driver E)\Vw17\S-Vw17.csv,329.0,329.0,29.0,24.0,32.8,0.55,52.5552759,-1.4716621,52.5531489,-1.4645459,52.5531489,52.5552759,-1.4716621,-1.4645459,0.53,72.7,0.0,accel+gyro+gravity+mag+orientation,train
VW2,Driver E,Aggressive,Ford Fiesta Titanium (FWD),Huawei P20 Pro,United Kingdom,Warwick / Leamington / Coventry,C,True,True,True,True,Synchronised V abd S datasets\Categorised IOVNB Dataset\Vw (Driver E)\Vw02\V-Vw2.csv,Synchronised V abd S datasets\Categorised IOVNB Dataset\Vw (Driver E)\Vw02\S-Vw2.csv,52712.0,52713.0,29.0,24.0,5271.1,87.85,52.5547098,-1.4630591,52.0256195,-0.7316616,52.0253006,52.5551885,-1.4642955,-0.6026129,98.37,115.4,14.0,accel+gyro+gravity+mag+orientation,train
VW3,Driver E,Aggressive,Ford Fiesta Titanium (FWD),Huawei P20 Pro,United Kingdom,Warwick / Leamington / Coventry,C,True,True,True,True,Synchronised V abd S datasets\Categorised IOVNB Dataset\Vw (Driver E)\Vw03\V-Vw3.csv,Synchronised V abd S datasets\Categorised IOVNB Dataset\Vw (Driver E)\Vw03\S-Vw3.csv,3861.0,3861.0,29.0,24.0,386.0,6.43,52.0248503,-0.7339073,52.0474457,-0.7557498,52.0215213,52.04897570000001,-0.7557498,-0.7339073,4.92,77.4,0.0,accel+gyro+gravity+mag+orientation,train
VW4,Driver E,Aggressive,Ford Fiesta Titanium (FWD),Huawei P20 Pro,United Kingdom,Warwick / Leamington / Coventry,C,True,True,True,True,Synchronised V abd S datasets\Categorised IOVNB Dataset\Vw (Driver E)\Vw04\V-Vw4.csv,Synchronised V abd S datasets\Categorised IOVNB Dataset\Vw (Driver E)\Vw04\S-Vw4.csv,126527.0,126526.0,29.0,24.0,12652.6,210.88,52.0474942,-0.7561525,52.2079729,-2.185303,51.9462826,52.3909102,-2.2535474,-0.6908510999999999,214.0,131.9,1.0,accel+gyro+gravity+mag+orientation,train
VW5,Driver E,Aggressive,Ford Fiesta Titanium (FWD),Huawei P20 Pro,United Kingdom,Warwick / Leamington / Coventry,C,True,True,True,True,Synchronised V abd S datasets\Categorised IOVNB Dataset\Vw (Driver E)\Vw05\V-Vw5.csv,Synchronised V abd S datasets\Categorised IOVNB Dataset\Vw (Driver E)\Vw05\S-Vw5.csv,1012.0,1012.0,29.0,24.0,101.1,1.68,52.2085728,-2.1874230000000003,52.2113438,-2.1869161,52.2085728,52.2113438,-2.1899472,-2.1869161,0.66,37.4,0.0,accel+gyro+gravity+mag+orientation,train
VW6,Driver E,Aggressive,Ford Fiesta Titanium (FWD),Huawei P20 Pro,United Kingdom,Warwick / Leamington / Coventry,C,True,True,True,True,Synchronised V abd S datasets\Categorised IOVNB Dataset\Vw (Driver E)\Vw06\V-Vw6.csv,Synchronised V abd S datasets\Categorised IOVNB Dataset\Vw (Driver E)\Vw06\S-Vw6.csv,1281.0,1281.0,29.0,24.0,128.0,2.13,52.2113431,-2.1868775,52.2110328,-2.1870388000000003,52.2110328,52.2141893,-2.1884019999999995,-2.1841732,1.07,40.7,0.0,accel+gyro+gravity+mag+orientation,train
VW7,Driver E,Aggressive,Ford Fiesta Titanium (FWD),Huawei P20 Pro,United Kingdom,Warwick / Leamington / Coventry,C,True,True,True,True,Synchronised V abd S datasets\Categorised IOVNB Dataset\Vw (Driver E)\Vw07\V-Vw7.csv,Synchronised V abd S datasets\Categorised IOVNB Dataset\Vw (Driver E)\Vw07\S-Vw7.csv,1602.0,1602.0,29.0,24.0,160.1,2.67,52.2032574,-2.196309,52.203239100000005,-2.1960868,52.2017813,52.203283000000006,-2.2020549,-2.195652,1.15,42.2,0.0,accel+gyro+gravity+mag+orientation,train
VW8,Driver E,Aggressive,Ford Fiesta Titanium (FWD),Huawei P20 Pro,United Kingdom,Warwick / Leamington / Coventry,C,True,True,True,True,Synchronised V abd S datasets\Categorised IOVNB Dataset\Vw (Driver E)\Vw08\V-Vw8.csv,Synchronised V abd S datasets\Categorised IOVNB Dataset\Vw (Driver E)\Vw08\S-Vw8.csv,1529.0,1529.0,29.0,24.0,152.8,2.55,52.2031265,-2.1977284000000004,52.2032518,-2.1961867,52.201789100000006,52.2032518,-2.202046,-2.1956592,1.05,46.4,0.0,accel+gyro+gravity+mag+orientation,train
VW9,Driver E,Aggressive,Ford Fiesta Titanium (FWD),Huawei P20 Pro,United Kingdom,Warwick / Leamington / Coventry,C,True,True,True,True,Synchronised V abd S datasets\Categorised IOVNB Dataset\Vw (Driver E)\Vw09\V-Vw9.csv,Synchronised V abd S datasets\Categorised IOVNB Dataset\Vw (Driver E)\Vw09\S-Vw9.csv,553.0,552.0,29.0,24.0,55.2,0.92,52.2028035,-2.2002006000000005,52.2015475,-2.2057507000000003,52.2015475,52.2028035,-2.2057739,-2.2002006000000005,0.42,42.0,0.0,accel+gyro+gravity+mag+orientation,train
Y1,Driver D,Defensive,Ford Fiesta Titanium (FWD),Huawei P20 Pro,United Kingdom,Coventry,E,True,True,True,True,Synchronised V abd S datasets\Categorised IOVNB Dataset\Y (Driver D)\Y1\V-Y1.csv,Synchronised V abd S datasets\Categorised IOVNB Dataset\Y (Driver D)\Y1\S-Y1.csv,70285.0,70285.0,29.0,24.0,7666.8,127.78,52.4054304,-1.5008119,52.4055687,-1.5003031,52.3947335,52.4708991,-1.5457938,-1.4701938,60.51,87.5,79.0,accel+gyro+gravity+mag+orientation,train
Y2,Driver D,Defensive,Ford Fiesta Titanium (FWD),Huawei P20 Pro,United Kingdom,Coventry,E,True,False,False,False,Unsynchronised V and S Dataset\Categorised IOVNB (V) Dataset\V Dataset\Y (Driver D)\Y2\V-Y2.csv,,57213.0,,29.0,,5721.2,95.35,52.40716380000001,-1.5244733,52.4056331,-1.5001644000000005,52.3376429,52.4119814,-1.581401,-1.4964588000000003,46.71,73.3,37.0,,train
